Ligand_Name,Site_Number,With_Or_Without_Water,dG,Mean,RMSD_Value
Amentoflavone,Site1,WOW,-6.575358,0,0
Amentoflavone,Site2,WOW,-6.56654628,0,0.13505407
Amentoflavone,Site3,WOW,-6.7975614,0,0.09418068
Amentoflavone,Site4,WOW,-5.11048716,-6.26248821,0.21995384
Amentoflavone,Site5,WOW,1.431350484,0,0
Amentoflavone,Site6,WOW,1.413774804,0,0.08474103
Amentoflavone,Site7,WOW,1.370358576,0,0.30790606
Amentoflavone,Site8,WOW,1.359168408,1.393663068,0.0432774
Amentoflavone,Site9,WOW,-3.3128724,0,0
Amentoflavone,Site10,WOW,-3.8616348,0,0.052103143
Amentoflavone,Site11,WOW,-3.6923256,0,0.08995168
Amentoflavone,Site12,WOW,-3.0430284,-3.4774653,0.04225452
Amentoflavone,Site13,WOW,-2.6002932,0,0
Amentoflavone,Site14,WOW,-4.1071212,0,0.29523292
Amentoflavone,Site15,WOW,-3.4819428,0,0.08021445
Amentoflavone,Site16,WOW,-0.6844008,-2.7184395,0.32906157
Apigenin,Site17,WOW,-6.8976186,0,0
Apigenin,Site18,WOW,-6.53418888,0,0.10391571
Apigenin,Site19,WOW,-5.31088812,0,0.10027175
Apigenin,Site20,WOW,-4.22014524,-5.74071021,0.09273242
Apigenin,Site21,WOW,1.48968216,0,0.000143986
Apigenin,Site22,WOW,1.490037972,0,0.05261039
Apigenin,Site23,WOW,1.49049408,0,0.036259394
Apigenin,Site24,WOW,1.490615868,1.49020752,0.03619444
Apigenin,Site25,WOW,-3.4800324,0,0
Apigenin,Site26,WOW,-4.362876,0,0.11219535
Apigenin,Site27,WOW,-3.6896988,0,0.055163477
Apigenin,Site28,WOW,-3.6003876,-3.7832487,0.09061017
Apigenin,Site29,WOW,-2.2258548,0,0
Apigenin,Site30,WOW,-4.104972,0,0.0748845
Apigenin,Site31,WOW,-2.1451404,0,0.10256575
Apigenin,Site32,WOW,-4.4120688,-3.222009,0.050317388
Baicalein,Site33,WOW,-6.16321308,0,0
Baicalein,Site34,WOW,-5.40139332,0,0.10692967
Baicalein,Site35,WOW,-6.5255682,0,0.09847167
Baicalein,Site36,WOW,-6.21839976,-6.07714359,0.045664087
Baicalein,Site37,WOW,1.4895747,0,0
Baicalein,Site38,WOW,1.489082772,0,0.000143986
Baicalein,Site39,WOW,1.48904934,0,0.000477548
Baicalein,Site40,WOW,1.489070832,1.489194411,0.10073907
Baicalein,Site41,WOW,-3.6433716,0,0
Baicalein,Site42,WOW,-4.109748,0,0.11197459
Baicalein,Site43,WOW,-3.3541848,0,0.10565062
Baicalein,Site44,WOW,-4.3698012,-3.8692764,0.09168083
Baicalein,Site45,WOW,-2.8629732,0,0
Baicalein,Site46,WOW,-2.7447672,0,0.050392937
Baicalein,Site47,WOW,-2.0706348,0,0.10018901
Baicalein,Site48,WOW,-4.6573164,-3.0839229,0.10142155
Baicalin,Site49,WOW,-5.9291652,0,0
Baicalin,Site50,WOW,-5.72866872,0,0.2965041
Baicalin,Site51,WOW,-5.68432356,0,0.20015563
Baicalin,Site52,WOW,-4.27385136,-5.40400221,0.16486698
Baicalin,Site53,WOW,1.574840628,0,0.000224039
Baicalin,Site54,WOW,1.220535456,0,0.21137667
Baicalin,Site55,WOW,1.731894612,0,0.16573678
Baicalin,Site56,WOW,0.9448719,1.368035649,0.24005102
Baicalin,Site57,WOW,-3.3448716,0,0
Baicalin,Site58,WOW,-2.1322452,0,0.25547406
Baicalin,Site59,WOW,-2.2540332,0,0.12693256
Baicalin,Site60,WOW,-2.864406,-2.648889,0.31355682
Baicalin,Site61,WOW,-2.27457,0,0.000158419
Baicalin,Site62,WOW,-2.1358272,0,0.29733685
Baicalin,Site63,WOW,-2.1358272,0,0.27247438
Baicalin,Site64,WOW,-3.7630104,-2.5773087,0.29596704
Baricitinib,Site65,WOW,-7.2277596,0,0
Baricitinib,Site66,WOW,-5.4600426,0,0.16606121
Baricitinib,Site67,WOW,-6.29457696,0,0.0781094
Baricitinib,Site68,WOW,-5.83612872,-6.20462697,0.16389152
Baricitinib,Site69,WOW,1.870181304,0,0.000132893
Baricitinib,Site70,WOW,1.869240432,0,0.005121137
Baricitinib,Site71,WOW,1.868512092,0,0.005482554
Baricitinib,Site72,WOW,1.86767868,1.868903127,0.001561143
Baricitinib,Site73,WOW,-3.5117928,0,0
Baricitinib,Site74,WOW,-2.833362,0,0.1355001
Baricitinib,Site75,WOW,-3.921096,0,0.18370664
Baricitinib,Site76,WOW,-3.0473268,-3.3283944,0.16337135
Baricitinib,Site77,WOW,-2.8343172,0,0
Baricitinib,Site78,WOW,-2.9147928,0,0.14704718
Baricitinib,Site79,WOW,-4.4182776,0,0.19926848
Baricitinib,Site80,WOW,-3.3054696,-3.3682143,0.1306874
Berchemol,Site81,WOW,-6.64535028,0,0.000175396
Berchemol,Site82,WOW,-6.78447516,0,0.22314283
Berchemol,Site83,WOW,-4.90249236,0,0.19041547
Berchemol,Site84,WOW,-7.16911032,-6.37535703,0.19459696
Berchemol,Site85,WOW,1.157026596,0,0
Berchemol,Site86,WOW,1.091074812,0,0.24261367
Berchemol,Site87,WOW,1.186105272,0,0.21832812
Berchemol,Site88,WOW,1.14186996,1.14401916,0.21844067
Berchemol,Site89,WOW,-5.841048,0,0.000175396
Berchemol,Site90,WOW,-3.5932236,0,0.21747516
Berchemol,Site91,WOW,-3.536628,0,0.20946527
Berchemol,Site92,WOW,-4.8051336,-4.4440083,0.21349806
Berchemol,Site93,WOW,-3.6987732,0,0
Berchemol,Site94,WOW,-6.5913576,0,0.11481166
Berchemol,Site95,WOW,-1.7210316,0,0.17025296
Berchemol,Site96,WOW,-5.9028972,-4.4785149,0.08995907
Camostat,Site97,WOW,-5.55455964,0,0.000236851
Camostat,Site98,WOW,-3.18418308,0,0.1950173
Camostat,Site99,WOW,-2.80265232,0,0.279706
Camostat,Site100,WOW,-3.9673038,-3.87717471,0.3853785
Camostat,Site101,WOW,1.779566256,0,0
Camostat,Site102,WOW,1.853236056,0,0.14180604
Camostat,Site103,WOW,1.907137992,0,0.38262993
Camostat,Site104,WOW,1.330576884,1.717629297,0.3821338
Camostat,Site105,WOW,-1.1042112,0,0
Camostat,Site106,WOW,-2.7674532,0,0.24048334
Camostat,Site107,WOW,-2.8445856,0,0.33101037
Camostat,Site108,WOW,-3.0349092,-2.4377898,0.23380908
Camostat,Site109,WOW,-3.44469,0,0.000236851
Camostat,Site110,WOW,-0.7849356,0,0.32591164
Camostat,Site111,WOW,-3.3174096,0,0.21812876
Camostat,Site112,WOW,-3.3711396,-2.7295437,0.1535775
Chrysin,Site113,WOW,-5.4849972,0,0
Chrysin,Site114,WOW,-5.51692476,0,0.061347507
Chrysin,Site115,WOW,-5.7719154,0,0.07193953
Chrysin,Site116,WOW,-7.2787434,-6.01314519,0.040349483
Chrysin,Site117,WOW,1.489567536,0,0.000150687
Chrysin,Site118,WOW,1.489386048,0,0.000426207
Chrysin,Site119,WOW,1.48944336,0,0.1117734
Chrysin,Site120,WOW,1.48980156,1.489549626,0.000583608
Chrysin,Site121,WOW,-4.32228,0,0
Chrysin,Site122,WOW,-4.1832984,0,0.06110292
Chrysin,Site123,WOW,-3.7107132,0,0.073942125
Chrysin,Site124,WOW,-2.8761072,-3.7730997,0.0650634
Chrysin,Site125,WOW,-2.9350908,0,0
Chrysin,Site126,WOW,-2.9592096,0,0.10480832
Chrysin,Site127,WOW,-2.9448816,0,0.063116215
Chrysin,Site128,WOW,-4.0622268,-3.2253522,0.112642236
Curcumin,Site129,WOW,-5.76040524,0,0.000362686
Curcumin,Site130,WOW,-5.89341684,0,0.20221911
Curcumin,Site131,WOW,-6.82636068,0,0.24503808
Curcumin,Site132,WOW,-5.3946114,-5.96869854,0.11118418
Curcumin,Site133,WOW,1.164095076,0,0
Curcumin,Site134,WOW,1.00798674,0,0.2728435
Curcumin,Site135,WOW,1.155011124,0,0.19615565
Curcumin,Site136,WOW,1.00729422,1.08359679,0.16942522
Curcumin,Site137,WOW,-4.5233496,0,0
Curcumin,Site138,WOW,-5.0372472,0,0.18273717
Curcumin,Site139,WOW,-4.2513564,0,0.19278853
Curcumin,Site140,WOW,-4.0292724,-4.4603064,0.2457452
Curcumin,Site141,WOW,-4.5071112,0,0
Curcumin,Site142,WOW,-4.8913404,0,0.24190749
Curcumin,Site143,WOW,-2.9107332,0,0.24987592
Curcumin,Site144,WOW,-3.1428468,-3.8630079,0.17504373
DAR,Site145,WOW,-5.946717,0,0.000279018
DAR,Site146,WOW,-6.32528664,0,0.43247235
DAR,Site147,WOW,-5.8288692,0,0.26588032
DAR,Site148,WOW,-7.85606628,-6.48923478,0.4192141
DAR,Site149,WOW,-0.969554268,0,0
DAR,Site150,WOW,-1.028299068,0,0.40017578
DAR,Site151,WOW,-1.071242472,0,0.3671703
DAR,Site152,WOW,-1.489615296,-1.139677776,0.36162072
DAR,Site153,WOW,-2.29845,0,0
DAR,Site154,WOW,-5.7185436,0,0.29415265
DAR,Site155,WOW,-2.7758112,0,0.3645392
DAR,Site156,WOW,-6.3816912,-4.293624,0.40003416
DAR,Site157,WOW,-6.1039668,0,0.000279018
DAR,Site158,WOW,-4.6668684,0,0.36061755
DAR,Site159,WOW,-4.4326056,0,0.3321671
DAR,Site160,WOW,-3.7076088,-4.7277624,0.26059207
Diammonium,Site173,WOW,0,0,0
Diammonium,Site174,WOW,0,0,0.046463713
Diammonium,Site175,WOW,0,0,0.09198138
Diammonium,Site176,WOW,0,0,0.2675238
Disulfiram,Site1,WOW,-5.31109678,0,0
Disulfiram,Site1,WOW,-5.186037069,0,0.0379703
Disulfiram,Site1,WOW,-5.375011942,0,0.1226696
Disulfiram,Site1,WOW,-5.598261202,-5.367601748,0.09168764
Disulfiram,Site2,WOW,2.061978122,0,0.000173998
Disulfiram,Site2,WOW,1.9,0,0.06598846
Disulfiram,Site2,WOW,1.898492882,0,0.07677226
Disulfiram,Site2,WOW,2.059986147,1.980114288,0.10891454
Disulfiram,Site3m,WOW,-0.831644693,0,0
Disulfiram,Site3m,WOW,-1.981372409,0,0.06709701
Disulfiram,Site3m,WOW,-1.907320627,0,0.15333587
Disulfiram,Site3m,WOW,-2.451012707,-1.792837609,0.21534033
Disulfiram,Site3d,WOW,-1.541819528,0,0
Disulfiram,Site3d,WOW,-1.721424477,0,0.2149367
Disulfiram,Site3d,WOW,-1.929753033,0,0.08790308
Disulfiram,Site3d,WOW,-1.508856406,-1.675463361,0.058449123
Fisetin,Site1,WOW,-7.284704309,0,0
Fisetin,Site1,WOW,-6.266098213,0,0.003708608
Fisetin,Site1,WOW,-8.455789625,0,0.17663878
Fisetin,Site1,WOW,-6.846469858,-7.213265501,0.17761633
Fisetin,Site2,WOW,0.95900449,0,0
Fisetin,Site2,WOW,0.958058661,0,0.19032378
Fisetin,Site2,WOW,0.951105857,0,0.20649712
Fisetin,Site2,WOW,0.95189166,0.955015167,0.096103534
Fisetin,Site3m,WOW,-5.391898347,0,0
Fisetin,Site3m,WOW,-5.014497946,0,0.17573695
Fisetin,Site3m,WOW,-4.290078341,0,0.18902229
Fisetin,Site3m,WOW,-4.538048151,-4.808630696,0.1901029
Fisetin,Site3d,WOW,-5.104399541,0,0
Fisetin,Site3d,WOW,-4.450152861,0,0.11738663
Fisetin,Site3d,WOW,-3.678298462,0,0.098264515
Fisetin,Site3d,WOW,-4.034895385,-4.316936562,0.12385669
Forsythoside_E,Site1,WOW,-3.533366772,0,0
Forsythoside_E,Site1,WOW,-4.449197478,0,0.09390958
Forsythoside_E,Site1,WOW,-3.948313748,0,0.10046261
Forsythoside_E,Site1,WOW,-4.193918983,-4.031199245,0.034721434
Forsythoside_E,Site2,WOW,1.388977262,0,0
Forsythoside_E,Site2,WOW,1.622088469,0,0.14906375
Forsythoside_E,Site2,WOW,2.187878571,0,0.08375195
Forsythoside_E,Site2,WOW,2.140333907,1.834819552,0.033632055
Forsythoside_E,Site3m,WOW,-1.2215439,0,0
Forsythoside_E,Site3m,WOW,0.192106143,0,0.091327965
Forsythoside_E,Site3m,WOW,-4.019848094,0,0.14959924
Forsythoside_E,Site3m,WOW,1.911916022,-0.784342457,0.06840777
Forsythoside_E,Site3d,WOW,-1.007800707,0,0.000218366
Forsythoside_E,Site3d,WOW,-2.072733352,0,0.310565
Forsythoside_E,Site3d,WOW,-4.50812076,0,0.35561866
Forsythoside_E,Site3d,WOW,-2.877949747,-2.616651142,0.19182643
Hydroxychloroquine,Site1,WOW,-5.814536161,0,0
Hydroxychloroquine,Site1,WOW,-4.21128308,0,0.25005642
Hydroxychloroquine,Site1,WOW,-5.34398586,0,0.27736834
Hydroxychloroquine,Site1,WOW,-4.855617655,-5.056355689,0.09803965
Hydroxychloroquine,Site2,WOW,0.212806917,0,0
Hydroxychloroquine,Site2,WOW,0.070877042,0,0.23817322
Hydroxychloroquine,Site2,WOW,0.350625776,0,0.28625858
Hydroxychloroquine,Site2,WOW,-0.202612496,0.10792431,0.28573236
Hydroxychloroquine,Site3m,WOW,-3.819647463,0,0.000308816
Hydroxychloroquine,Site3m,WOW,-3.064560046,0,0.3662239
Hydroxychloroquine,Site3m,WOW,-4.830085029,0,0.27877977
Hydroxychloroquine,Site3m,WOW,-2.431403458,-3.536423999,0.2689908
Hydroxychloroquine,Site3d,WOW,-4.064488392,0,0
Hydroxychloroquine,Site3d,WOW,-4.444229483,0,0.24576461
Hydroxychloroquine,Site3d,WOW,-4.925456196,0,0.27962503
Hydroxychloroquine,Site3d,WOW,-4.693918983,-4.532023264,0.18434452
Hypericin,Site1,WOW,-7.033605618,0,0
Hypericin,Site1,WOW,-6.948839209,0,0.146112
Hypericin,Site1,WOW,-7.642686539,0,0.23785436
Hypericin,Site1,WOW,-8.286830037,-7.477990351,0.14694051
Hypericin,Site2,WOW,0.637649279,0,0
Hypericin,Site2,WOW,0.63526082,0,0.21519823
Hypericin,Site2,WOW,0.638731251,0,0.24631986
Hypericin,Site2,WOW,0.635946307,0.636896914,0.3018002
Hypericin,Site3m,WOW,2.501910767,0,0
Hypericin,Site3m,WOW,-2.698003248,0,0.24914585
Hypericin,Site3m,WOW,-2.697286711,0,0.18862145
Hypericin,Site3d,WOW,-2.842075093,-1.433863571,0.14651993
Hypericin,Site3d,WOW,-2.775723703,0,0.000147222
Hypericin,Site3d,WOW,-1.006317474,0,0.040239934
Hypericin,Site3d,WOW,-2.422279545,0,0.038329016
Hyperoside,Site1,WOW,-6.515238368,-3.179889773,0.043579303
Hyperoside,Site1,WOW,-5.456219547,0,0
Hyperoside,Site1,WOW,-5.455789625,0,0.050129585
Hyperoside,Site1,WOW,-5.785253654,0,0.05017885
Hyperoside,Site2,WOW,1.42442677,-3.818209014,0.050187055
Hyperoside,Site2,WOW,1.115656349,0,0
Hyperoside,Site2,WOW,1.932146269,0,0.028589198
Hyperoside,Site2,WOW,1.103831088,0,0.049176227
Hyperoside,Site3m,WOW,-2.576072418,0.393890322,0.019347278
Hyperoside,Site3m,WOW,-2.089715296,0,0
Hyperoside,Site3m,WOW,-5.566303621,0,0.04790634
Hyperoside,Site3m,WOW,-3.741449317,0,0.05238406
Hyperoside,Site3d,WOW,-3.107504538,-3.626243193,0.053215936
Hyperoside,Site3d,WOW,-2.797649756,0,0
Hyperoside,Site3d,WOW,-5.147869495,0,0.23344678
Hyperoside,Site3d,WOW,-6.045165759,0,0.27376422
Ivermectin,Site1,WOW,-3.392232731,-4.345729435,0.28174397
Ivermectin,Site1,WOW,-4.461330849,0,0.000152513
Ivermectin,Site1,WOW,-0.753441769,0,0.2927771
Ivermectin,Site1,WOW,-4.871309831,0,0.2800656
Ivermectin,Site2,WOW,-0.084807968,-2.542722604,0.14868496
Ivermectin,Site2,WOW,0.550890895,0,0
Ivermectin,Site2,WOW,2.303506258,0,0.25550196
Ivermectin,Site2,WOW,1.225085985,0,0.2100738
Ivermectin,Site3m,WOW,9.915424668,3.498726952,0.23790738
Lopinavir,Site1,WOW,-2.694563867,0,0
Lopinavir,Site1,WOW,-2.954547626,0,0.14712505
Lopinavir,Site1,WOW,-1.164844272,0,0.3043509
Lopinavir,Site1,WOW,-2.717230343,-2.382796527,0.3446568
Lopinavir,Site2,WOW,4.160480558,0,0.000242255
Lopinavir,Site2,WOW,4.56869208,0,0.22692822
Lopinavir,Site2,WOW,4.740302857,0,0.20727856
Lopinavir,Site2,WOW,2.962142925,4.107904605,0.12831233
Lopinavir,Site3m,WOW,4.220406993,0,0
Lopinavir,Site3m,WOW,1.753733161,0,0.44286886
Lopinavir,Site3m,WOW,1.946942773,0,0.43681058
Lopinavir,Site3m,WOW,2.468543995,2.597406731,0.16383949
Lopinavir,Site3d,WOW,4.398466609,0,0
Lopinavir,Site3d,WOW,-0.580612879,0,0.31233045
Lopinavir,Site3d,WOW,1.323351963,0,0.31060517
Lopinavir,Site3d,WOW,0.575623388,1.42920727,0.32058918
Myricetin,Site1,WOW,-10.353062,0,0
Myricetin,Site1,WOW,-9.560595204,0,0.21343549
Myricetin,Site1,WOW,-9.158689214,0,0.27647012
Myricetin,Site1,WOW,-10.17106143,-9.810851962,0.2719794
Myricetin,Site2,WOW,-0.550850291,0,RMSD Value
Myricetin,Site2,WOW,-0.571832903,0,0
Myricetin,Site2,WOW,-0.556565874,0,0.32467887
Myricetin,Site2,WOW,-0.554963218,-0.558553072,0.4523181
Myricetin,Site3m,WOW,-5.563771854,0,0.38379827
Myricetin,Site3m,WOW,-4.717588612,0,0
Myricetin,Site3m,WOW,-5.206959969,0,0.42751932
Myricetin,Site3m,WOW,-5.051447406,-5.13494196,0.3508729
Myricetin,Site3d,WOW,-5.244984236,0,0.3352624
Myricetin,Site3d,WOW,-4.626564441,0,0.000195313
Myricetin,Site3d,WOW,-5.946044712,0,0.33368978
Myricetin,Site3d,WOW,-5.762730486,-5.395080969,0.40177348
Nelfinavir,Site1,WOW,-3.370999331,0,0.36951524
Nelfinavir,Site1,WOW,-2.247286711,0,0.000195313
Nelfinavir,Site1,WOW,-4.791869686,0,0.40893844
Nelfinavir,Site1,WOW,-1.985965415,-3.099030286,0.29744658
Nelfinavir,Site2,WOW,2.237914398,0,0.39623362
Nelfinavir,Site2,WOW,1.716489921,0,0
Nelfinavir,Site2,WOW,2.42256616,0,0.21978553
Nelfinavir,Site2,WOW,1.536199484,1.978292491,0.21311271
Nelfinavir,Site3m,WOW,-0.96751457,0,0.05724557
Nelfinavir,Site3m,WOW,0.943524888,0,0
Nelfinavir,Site3m,WOW,-1.491177033,0,0.107289545
Nelfinavir,Site3m,WOW,-0.677739562,-0.548226569,0.21241339
Nelfinavir,Site3d,WOW,-1.706596924,0,0.113829166
Nelfinavir,Site3d,WOW,-1.056071463,0,0
Nelfinavir,Site3d,WOW,-3.206267316,0,0.088088706
Nelfinavir,Site3d,WOW,-1.090868921,-1.764951156,0.19895901
NHC,Site1,WOW,-5.822871883,0,0.17048799
NHC,Site1,WOW,-5.637312506,0,0.000181343
NHC,Site1,WOW,-4.866389605,0,0.18679273
NHC,Site1,WOW,-5.523024744,-5.462399685,0.18047948
NHC,Site2,WOW,1.175702207,0,0.20280127
NHC,Site2,WOW,1.158863571,0,0.000208204
NHC,Site2,WOW,1.176079583,0,0.34339544
NHC,Site2,WOW,1.183608006,1.173563342,0.27149084
NHC,Site3m,WOW,-4.031957581,0,0.2542994
NHC,Site3m,WOW,-1.922821725,0,0
NHC,Site3m,WOW,-3.022738129,0,0.40547782
NHC,Site3m,WOW,-3.305292825,-3.070702565,0.31582278
NHC,Site3d,WOW,-3.371214293,0,0.31842968
NHC,Site3d,WOW,-3.106095347,0,0
NHC,Site3d,WOW,-3.719881532,0,0.23623317
NHC,Site3d,WOW,-3.599431547,-3.44915568,0.28408998
Oryxylin_A,Site354,WOW,-5.328866915,0,0.26819715
Oryxylin_A,Site355,WOW,-5.858197191,0,0
Oryxylin_A,Site356,WOW,-3.768797172,0,0.19912751
Oryxylin_A,Site357,WOW,-3.930328652,-4.721547483,0.27314818
Oryxylin_A,Site358,WOW,1.690909525,0,0.38570324
Oryxylin_A,Site359,WOW,1.728241139,0,0
Oryxylin_A,Site360,WOW,1.704963218,0,0.12427451
Oryxylin_A,Site361,WOW,1.701265883,1.706344941,0.14838497
Oryxylin_A,Site362,WOW,-4.059568167,0,0.12693025
Oryxylin_A,Site363,WOW,-3.373101175,0,0.000143986
Oryxylin_A,Site364,WOW,-3.92896723,0,0.1502774
Oryxylin_A,Site365,WOW,-3.34778351,-3.677355021,0.03369525
Oryxylin_A,Site366,WOW,-4.507953568,0,0.045245614
Oryxylin_A,Site367,WOW,-2.824328843,0,0
Oryxylin_A,Site368,WOW,-2.121529569,0,0.107865915
Oryxylin_A,Site369,WOW,-3.790603802,-3.311103946,0.048912123
Remdesivir,Site370,WOW,-7.275150473,0,0.1660645
Remdesivir,Site371,WOW,-5.548222987,0,0
Remdesivir,Site372,WOW,-7.338587943,0,0.053279206
Remdesivir,Site373,WOW,-9.280070698,-7.360508025,0.16431132
Remdesivir,Site374,WOW,-0.959876278,0,0.079614
Remdesivir,Site375,WOW,-1.035814942,0,0
Remdesivir,Site376,WOW,-0.374527085,0,0.10162005
Remdesivir,Site377,WOW,-0.582289577,-0.738126971,0.08449296
Remdesivir,Site378,WOW,-4.452660743,0,0.07352583
Remdesivir,Site379,WOW,-4.032793542,0,0
Remdesivir,Site380,WOW,-2.281420178,0,0.09572262
Remdesivir,Site381,WOW,-4.840856979,-3.901932861,0.051548902
Remdesivir,Site382,WOW,-1.829292061,0,0.09676735
Remdesivir,Site383,WOW,-4.250119423,0,0
Remdesivir,Site384,WOW,-5.141635617,0,0.026548978
Remdesivir,Site385,WOW,-1.215037738,-3.10902121,0.068330556
Rhein,Site386,WOW,-7.922136238,0,0.08459755
Rhein,Site387,WOW,-9.876421133,0,0
Rhein,Site388,WOW,-6.534537117,0,0.09239007
Rhein,Site389,WOW,-7.755660648,-8.022188784,0.087359935
Rhein,Site390,WOW,1.434785516,0,0.066527426
Rhein,Site391,WOW,1.434393809,0,0
Rhein,Site392,WOW,1.433295118,0,0.3943998
Rhein,Site393,WOW,1.433006114,1.433870139,0.36727244
Rhein,Site394,WOW,-3.75843126,0,0.33882543
Rhein,Site395,WOW,-3.688616605,0,0.000284893
Rhein,Site396,WOW,-4.276679087,0,0.31810662
Rhein,Site397,WOW,-3.069480271,-3.698301806,0.29436454
Rhein,Site398,WOW,-2.438425528,0,0.35751826
Rhein,Site399,WOW,-2.998638578,0,0
Rhein,Site400,WOW,-1.270449986,0,0.34003353
Rhein,Site401,WOW,-1.159780739,-1.966823708,0.3540711
Ritonavir,Site402,WOW,-4.919508933,0,0.37151212
Ritonavir,Site403,WOW,-4.975637719,0,0
Ritonavir,Site404,WOW,-4.970120378,0,0.25498194
Ritonavir,Site405,WOW,-2.627424286,-4.373172829,0.25332373
Ritonavir,Site406,WOW,0.419938855,0,0.23247398
Ritonavir,Site407,WOW,1.246742142,0,0
Ritonavir,Site408,WOW,1.778914684,0,0.08727017
Ritonavir,Site409,WOW,0.591437375,1.009258264,0.08137626
Ritonavir,Site410,WOW,-1.462603898,0,0.03593404
Ritonavir,Site411,WOW,1.26390322,0,0
Ritonavir,Site412,WOW,-0.845621955,0,0.079730384
Ritonavir,Site413,WOW,-6.830634375,-1.968739252,0.079731636
Ritonavir,Site414,WOW,-0.014375752,0,0.000281909
Ritonavir,Site415,WOW,-4.040484379,0,0
Ritonavir,Site416,WOW,-1.436932741,0,0.000891476
Ritonavir,Site417,WOW,-1.555784848,-1.76189443,0.06348611
Rutin,Site418,WOW,-7.922136238,0,0.08624145
Rutin,Site419,WOW,-9.876421133,0,0
Rutin,Site420,WOW,-6.534537117,0,0.101842545
Rutin,Site421,WOW,-7.755660648,-8.022188784,0.0543948
Rutin,Site422,WOW,-2.901667144,0,0.09342168
Rutin,Site423,WOW,-3.602847043,0,0
Rutin,Site424,WOW,-3.02034967,0,0.37399805
Rutin,Site425,WOW,-3.534226617,-3.264772619,0.41879994
Rutin,Site426,WOW,-7.77445782,0,0.37603796
Rutin,Site427,WOW,-7.75988822,0,0
Rutin,Site428,WOW,-5.329201299,0,0.38333818
Rutin,Site430,WOW,-4.484260055,-6.336951849,0.42549142
Rutin,Site431,WOW,-1.927109009,0,0.48703462
Rutin,Site432,WOW,-5.901523837,0,0
Rutin,Site433,WOW,-3.552259482,0,0.45376006
Scutellarein,Site434,WOW,-5.352894812,-4.183446785,0.450872
Scutellarein,Site435,WOW,-8.156539601,0,0.30082005
Scutellarein,Site436,WOW,-6.686443107,0,0.000265787
Scutellarein,Site437,WOW,-6.900687876,0,0.41414648
Scutellarein,Site438,WOW,1.491246298,-5.063106072,0.36997634
Scutellarein,Site439,WOW,1.490178657,0,0.38517493
Scutellarein,Site440,WOW,1.491222413,0,0
Scutellarein,Site441,WOW,1.492934938,0,0.42606553
Scutellarein,Site442,WOW,-3.992118085,0.120554481,0.23183654
Scutellarein,Site443,WOW,-5.025078819,0,0.2723679
Scutellarein,Site444,WOW,-3.273454667,0,0
Scutellarein,Site445,WOW,-3.991998662,0,0.4223337
Scutellarein,Site446,WOW,0.772525557,-2.879501648,0.39500737
Scutellarein,Site447,WOW,-1.40433983,0,0.39045432
Scutellarein,Site448,WOW,-3.63358651,0,0.000189704
Scutellarein,Site449,WOW,-4.037188306,0,0.36093628
Torvoside_H,Site450,WOW,0,-2.268778662,0.09301179
Torvoside_H,Site451,WOW,0,0,0.40852422
Torvoside_H,Site452,WOW,0,0,0.000189704
Torvoside_H,Site453,WOW,0,0,0.42472538
VTRRT,Site454,WOW,-3.662701825,-0.915675456,0.24002074
VTRRT,Site455,WOW,-9.724371835,0,0.4251272
VTRRT,Site456,WOW,-9.121453138,0,0
VTRRT,Site457,WOW,-7.921395815,0,0.05947995
VTRRT,Site458,WOW,-2.571367154,-7.334646986,0.11145124
VTRRT,Site459,WOW,-2.85069743,0,0.1012304
VTRRT,Site460,WOW,-3.850004777,0,0
VTRRT,Site461,WOW,-3.24796981,0,0.10220789
VTRRT,Site462,WOW,-5.208297506,-3.789242381,0.1020326
VTRRT,Site463,WOW,-0.658658164,0,0.102089785
VTRRT,Site464,WOW,-9.143331423,0,0
VTRRT,Site465,WOW,-3.796192796,0,0.060901806
VTRRT,Site466,WOW,-3.453568358,-4.262937685,0.04902227
VTRRT,Site467,WOW,-3.485215439,0,0.10219688
VTRRT,Site468,WOW,-5.61292634,0,0
VTRRT,Site469,WOW,-1.152847043,0,0.043040156
Wogonin,Site470,WOW,-4.833954333,-3.771235789,0.053293835
Wogonin,Site471,WOW,-5.251337537,0,0.034780435
Wogonin,Site472,WOW,-4.992739085,0,0
Wogonin,Site473,WOW,-4.345872743,0,0.156705
Wogonin,Site474,WOW,1.5893212,-3.250157041,0.18121997
Wogonin,Site475,WOW,1.598010414,0,0.28134808
Wogonin,Site476,WOW,1.591384829,0,0
Wogonin,Site477,WOW,1.585774338,0,0.3973853
Wogonin,Site478,WOW,-3.40773383,0.341858938,0.34938708
Wogonin,Site479,WOW,-3.419580587,0,0.37496433
Wogonin,Site480,WOW,-3.192462024,0,0
Wogonin,Site481,WOW,-2.644692844,0,0.400624
Wogonin,Site482,WOW,-3.367058374,-3.155948457,0.44666955
Wogonin,Site483,WOW,-0.089458775,0,0.37321404
Wogonin,Site484,WOW,-3.251433075,0,0
Wogonin,Site485,WOW,0.614767842,0,0.404657
Wogonoside,Site486,WOW,-4.877280978,-1.900851247,0.3821426
Wogonoside,Site487,WOW,-7.314512277,0,0.4574919
Wogonoside,Site488,WOW,-4.143952422,0,0
Wogonoside,Site489,WOW,-5.524099551,0,0.2799759
Wogonoside,Site490,WOW,1.867134805,-3.778857361,0.40297148
Wogonoside,Site491,WOW,1.752020636,0,0.44403645
Wogonoside,Site492,WOW,1.838033821,0,0.000203627
Wogonoside,Site493,WOW,1.618718353,0,0.07681719
Wogonoside,Site494,WOW,-3.827815993,0.345239204,0.06759109
Wogonoside,Site495,WOW,-3.126683864,0,0.111086234
Wogonoside,Site496,WOW,-2.729865291,0,0
Wogonoside,Site497,WOW,-2.687350721,0,0.10626676
Wogonoside,Site498,WOW,-0.465706506,-2.252401596,0.100416265
Wogonoside,Site499,WOW,-1.467316328,0,0.10057594
Wogonoside,Site500,WOW,-1.48403554,0,0.000143986
Wogonoside,Site501,WOW,-1.688057705,0,0.082292914
Wogonin,Site481,WOW,-2.644692844,-1.821025604,0.060857672
Wogonin,Site482,WOW,-3.367058374,0,0.056907017
Wogonin,Site483,WOW,-0.089458775,0,0
Wogonin,Site484,WOW,-3.251433075,0,0.072137706
Wogonin,Site485,WOW,0.614767842,-1.523295596,0.11616481
Wogonoside,Site486,WOW,-4.877280978,0,0.08094719
Wogonoside,Site487,WOW,-7.314512277,0,0
Wogonoside,Site488,WOW,-4.143952422,0,0.12474154
Wogonoside,Site489,WOW,-5.524099551,-5.464961307,0.28216773
Wogonoside,Site490,WOW,1.867134805,0,0.30465633
Wogonoside,Site491,WOW,1.752020636,0,0
Wogonoside,Site492,WOW,1.838033821,0,0.27932823
Wogonoside,Site493,WOW,1.618718353,1.768976904,0.26874825
Wogonoside,Site494,WOW,-3.827815993,0,0.05471182
Wogonoside,Site495,WOW,-3.126683864,0,0
Wogonoside,Site496,WOW,-2.729865291,0,0.18369214
Wogonoside,Site497,WOW,-2.687350721,-3.092928967,0.1787162
Wogonoside,Site498,WOW,-0.465706506,0,0.19845924
Wogonoside,Site499,WOW,-1.467316328,0,0
Wogonoside,Site500,WOW,-1.48403554,0,0.30359352
Wogonoside,Site501,WOW,-1.688057705,-1.27627902,0.24986686
,,,,,0.26999307
